New ,R,G,B,#1,R,G,B,#2,R,G,B,#3,R,G,B,#4,R,G,B,#5,R,G,B,#6,R,G,B,#7,R,G,B,#8,R,G,B,#9,R,G,B,#10,R,G,B
B0_G255,0,0,0,B0_G255,0,0,0,B0_G255,0,0,0,B0_G255,0,0,0,B0_G255,0,0,0,B0_G255,0,0,0,B0_G255,0,0,0,B0_G255,0,0,0,B0_G255,0,0,0,B0_G255,0,0,0,B0_G255,0,0,0
B0_G191,0,0,0,B0_G191,0,0,0,B0_G191,0,0,0,B0_G191,0,0,0,B0_G191,0,0,0,B0_G191,0,0,0,B0_G191,0,0,0,B0_G191,0,0,0,B0_G191,0,0,0,B0_G191,0,0,0,B0_G191,0,0,0
B0_G127,0,0,0,B0_G127,0,0,0,B0_G127,0,0,0,B0_G127,0,0,0,B0_G127,0,0,0,B0_G127,0,0,0,B0_G127,0,0,0,B0_G127,0,0,0,B0_G127,0,0,0,B0_G127,0,0,0,B0_G127,0,0,0
B0_G95,0,0,0,B0_G95,0,0,0,B0_G95,0,0,0,B0_G95,0,0,0,B0_G95,0,0,0,B0_G95,0,0,0,B0_G95,0,0,0,B0_G95,0,0,0,B0_G95,0,0,0,B0_G95,0,0,0,B0_G95,0,0,0
B0_G63,0,0,0,B0_G63,0,0,0,B0_G63,0,0,0,B0_G63,0,0,0,B0_G63,0,0,0,B0_G63,0,0,0,B0_G63,0,0,0,B0_G63,0,0,0,B0_G63,0,0,0,B0_G63,0,0,0,B0_G63,0,0,0
B0_G47,0,0,0,B0_G47,0,0,0,B0_G47,0,0,0,B0_G47,0,0,0,B0_G47,0,0,0,B0_G47,0,0,0,B0_G47,0,0,0,B0_G47,0,0,0,B0_G47,0,0,0,B0_G47,0,0,0,B0_G47,0,0,0
B0_G31,0,0,0,B0_G31,0,0,0,B0_G31,0,0,0,B0_G31,0,0,0,B0_G31,0,0,0,B0_G31,0,0,0,B0_G31,0,0,0,B0_G31,0,0,0,B0_G31,0,0,0,B0_G31,0,0,0,B0_G31,0,0,0
B0_G23,0,0,0,B0_G23,0,0,0,B0_G23,0,0,0,B0_G23,0,0,0,B0_G23,0,0,0,B0_G23,0,0,0,B0_G23,0,0,0,B0_G23,0,0,0,B0_G23,0,0,0,B0_G23,0,0,0,B0_G23,0,0,0
B0_G15,0,0,0,B0_G15,0,0,0,B0_G15,0,0,0,B0_G15,0,0,0,B0_G15,0,0,0,B0_G15,0,0,0,B0_G15,0,0,0,B0_G15,0,0,0,B0_G15,0,0,0,B0_G15,0,0,0,B0_G15,0,0,0
B0_G7,0,0,0,B0_G7,0,0,0,B0_G7,0,0,0,B0_G7,0,0,0,B0_G7,0,0,0,B0_G7,0,0,0,B0_G7,0,0,0,B0_G7,0,0,0,B0_G7,0,0,0,B0_G7,0,0,0,B0_G7,0,0,0
B0_G2,0,0,0,B0_G2,0,0,0,B0_G2,0,0,0,B0_G2,0,0,0,B0_G2,0,0,0,B0_G2,0,0,0,B0_G2,0,0,0,B0_G2,0,0,0,B0_G2,0,0,0,B0_G2,0,0,0,B0_G2,0,0,0
B1_G255,217.208577161932,217.300008280479,217.452105034629,B1_G255,217.684618945785,217.268276971597,217.645979647456,B1_G255,216.987232475284,216.948664437559,216.930878233097,B1_G255,217.7922321,217.2615841,217.3909087,B1_G255,217.7922321,217.2615841,217.3909087,B1_G255,217.7922321,217.2615841,217.3909087,B1_G255,217.7922321,217.2615841,217.3909087,B1_G255,217.7922321,217.2615841,217.3909087,B1_G255,217.4824651,217.2350973,217.5179585,B1_G255,217.4824651,217.2350973,217.5179585,B1_G255,217.4824651,217.2350973,217.5179585
B1_G191,163.351305762224,163.547110486099,163.324935973958,B1_G191,163.300103764009,163.699871404827,163.112960003009,B1_G191,163.779448267763,163.366461920724,163.455111736848,B1_G191,163.8917842,163.4140369,163.3727069,B1_G191,163.8917842,163.4140369,163.3727069,B1_G191,163.8917842,163.4140369,163.3727069,B1_G191,163.8917842,163.4140369,163.3727069,B1_G191,163.8917842,163.4140369,163.3727069,B1_G191,163.4222863,163.6640487,163.1683949,B1_G191,163.4222863,163.6640487,163.1683949,B1_G191,163.4222863,163.6640487,163.1683949
B1_G127,108.339225776584,109.099095613978,108.97367554049,B1_G127,108.83302150659,110.009615298512,109.475339110523,B1_G127,108.138307023065,108.927330387696,108.397244738397,B1_G127,108.2571174,109.0148821,108.9813834,B1_G127,108.2571174,109.0148821,108.9813834,B1_G127,108.2571174,109.0148821,108.9813834,B1_G127,108.2571174,109.0148821,108.9813834,B1_G127,108.2571174,109.0148821,108.9813834,B1_G127,108.4722253,108.99301,108.8222738,B1_G127,108.4722253,108.99301,108.8222738,B1_G127,108.4722253,108.99301,108.8222738
B1_G95,81.3752453831506,82.1078554796732,82.2651968629406,B1_G95,79.5080812223258,79.937501437448,79.7264437388236,B1_G95,81.0644630781926,81.6297259926244,80.9839712700683,B1_G95,81.07544109,81.95894033,82.08127623,B1_G95,81.07544109,81.95894033,82.08127623,B1_G95,81.07544109,81.95894033,82.08127623,B1_G95,81.07544109,81.95894033,82.08127623,B1_G95,81.07544109,81.95894033,82.08127623,B1_G95,81.51472244,82.0861723,81.85848322,B1_G95,81.51472244,82.0861723,81.85848322,B1_G95,81.51472244,82.0861723,81.85848322
B1_G63,53.6927302918194,53.8583545552045,53.7655999720468,B1_G63,54.4872423571378,54.7444311389141,54.7584470378755,B1_G63,53.3300676523936,53.5266100646175,53.7931436773631,B1_G63,53.97658884,53.97063986,53.70979807,B1_G63,53.97658884,53.97063986,53.70979807,B1_G63,53.97658884,53.97063986,53.70979807,B1_G63,53.97658884,53.97063986,53.70979807,B1_G63,53.97658884,53.97063986,53.70979807,B1_G63,53.80066562,54.29224729,54.01639698,B1_G63,53.80066562,54.29224729,54.01639698,B1_G63,53.80066562,54.29224729,54.01639698
B1_G47,40.3673025473366,40.6353585139642,40.4042233202553,B1_G47,39.2723556489574,39.5008611923979,39.3781847691432,B1_G47,40.4569415318128,40.3450774567421,40.211445794223,B1_G47,40.31424488,40.51190556,40.41375285,B1_G47,40.31424488,40.51190556,40.41375285,B1_G47,40.31424488,40.51190556,40.41375285,B1_G47,40.31424488,40.51190556,40.41375285,B1_G47,40.31424488,40.51190556,40.41375285,B1_G47,40.3772798,40.7219796,40.49019703,B1_G47,40.3772798,40.7219796,40.49019703,B1_G47,40.3772798,40.7219796,40.49019703
B1_G31,26.5903275392303,26.8228054563619,26.7410704240929,B1_G31,26.6295366249374,26.8550155236718,26.7010086911437,B1_G31,26.6697052227166,26.5922082425254,26.6668568080926,B1_G31,26.59896693,26.91507752,26.90185796,B1_G31,26.59896693,26.91507752,26.90185796,B1_G31,26.59896693,26.91507752,26.90185796,B1_G31,26.59896693,26.91507752,26.90185796,B1_G31,26.59896693,26.91507752,26.90185796,B1_G31,26.71190507,26.87972468,26.7365087,B1_G31,26.71190507,26.87972468,26.7365087,B1_G31,26.71190507,26.87972468,26.7365087
B1_G23,20.124454547972,20.1727359916936,20.0615740927799,B1_G23,19.5353666419454,19.5871590476084,19.5516423491016,B1_G23,19.8685849406456,19.8619690939374,19.8752733662181,B1_G23,19.9925143,19.89281969,20.05562292,B1_G23,19.9925143,19.89281969,20.05562292,B1_G23,19.9925143,19.89281969,20.05562292,B1_G23,19.9925143,19.89281969,20.05562292,B1_G23,19.9925143,19.89281969,20.05562292,B1_G23,20.25494165,19.98575261,20.03282439,B1_G23,20.25494165,19.98575261,20.03282439,B1_G23,20.25494165,19.98575261,20.03282439
B1_G15,12.5479189680257,13.2465494704165,12.9143211720675,B1_G15,13.1380432920964,12.9008235743332,13.0414804628948,B1_G15,13.122433588998,12.9658447012824,13.0000337995942,B1_G15,13.25752336,12.9215672,13.08167296,B1_G15,13.25752336,12.9215672,13.08167296,B1_G15,13.25752336,12.9215672,13.08167296,B1_G15,13.25752336,12.9215672,13.08167296,B1_G15,13.25752336,12.9215672,13.08167296,B1_G15,13.22677105,12.99600296,13.02070978,B1_G15,13.22677105,12.99600296,13.02070978,B1_G15,13.22677105,12.99600296,13.02070978
B1_G7,5.91878693125465,6.36941232495946,6.2904096873302,B1_G7,6.02434468912942,6.21661914523166,6.00562091392498,B1_G7,6.02028769668569,6.33839544520715,6.22961083048001,B1_G7,6.273349497,6.371044741,6.201130127,B1_G7,6.273349497,6.371044741,6.201130127,B1_G7,6.273349497,6.371044741,6.201130127,B1_G7,6.273349497,6.371044741,6.201130127,B1_G7,6.273349497,6.371044741,6.201130127,B1_G7,6.203866423,6.355250021,6.142806677,B1_G7,6.203866423,6.355250021,6.142806677,B1_G7,6.203866423,6.355250021,6.142806677
B1_G3,2.33681149661655,3.92377394992417,3.91131251502966,B1_G3,2,2.38209220333942,2,B1_G3,2.81984393910061,2.5388282867652,2,B1_G3,2.934596788,2.526382269,2.024623547,B1_G3,2.934596788,2.526382269,2.024623547,B1_G3,2.934596788,2.526382269,2.024623547,B1_G3,2.934596788,2.526382269,2.024623547,B1_G3,2.934596788,2.526382269,2.024623547,B1_G3,2.799220895,2.551851565,2,B1_G3,2.799220895,2.551851565,2,B1_G3,2.799220895,2.551851565,2
B2_G255,201.386564266054,201.719828853114,201.701773862006,B2_G255,201.274876803746,201.796649528146,202.11283670274,B2_G255,201.032755597457,201.158528572309,201.626052596607,B2_G255,201.5153388,202.1361877,202.2241271,B2_G255,201.5153388,202.1361877,202.2241271,B2_G255,201.5153388,202.1361877,202.2241271,B2_G255,201.5153388,202.1361877,202.2241271,B2_G255,201.5153388,202.1361877,202.2241271,B2_G255,201.6276774,201.7543507,202.1174004,B2_G255,201.6276774,201.7543507,202.1174004,B2_G255,201.6276774,201.7543507,202.1174004
B2_G191,150.972682752729,151.079168082866,151.295960563597,B2_G191,150.598267991499,150.822830227762,150.791770711519,B2_G191,151.001177462903,151.448652003441,151.641117217126,B2_G191,151.3005624,151.7551857,151.4424097,B2_G191,151.3005624,151.7551857,151.4424097,B2_G191,151.3005624,151.7551857,151.4424097,B2_G191,151.3005624,151.7551857,151.4424097,B2_G191,151.3005624,151.7551857,151.4424097,B2_G191,151.2310296,151.1650685,151.4827822,B2_G191,151.2310296,151.1650685,151.4827822,B2_G191,151.2310296,151.1650685,151.4827822
B2_G127,99.9712505493174,99.434663523659,98.925984372627,B2_G127,101.584246156855,102.637018766554,102.30220649816,B2_G127,100.339762667148,100.208105976216,100.265299563711,B2_G127,100.1263503,100.2439133,100.0484276,B2_G127,100.1263503,100.2439133,100.0484276,B2_G127,100.1263503,100.2439133,100.0484276,B2_G127,100.1263503,100.2439133,100.0484276,B2_G127,100.1263503,100.2439133,100.0484276,B2_G127,100.1993064,100.0193815,100.0667758,B2_G127,100.1993064,100.0193815,100.0667758,B2_G127,100.1993064,100.0193815,100.0667758
B2_G95,75.2930402858123,75.3781756233162,75.5750656156376,B2_G95,72.3475489498562,72.6574768529696,72.489136232089,B2_G95,75.3516777397891,75.4979878993119,75.2557182854262,B2_G95,75.18697088,75.721154,75.69909385,B2_G95,75.18697088,75.721154,75.69909385,B2_G95,75.18697088,75.721154,75.69909385,B2_G95,75.18697088,75.721154,75.69909385,B2_G95,75.18697088,75.721154,75.69909385,B2_G95,75.5611956,75.53239035,75.41864039,B2_G95,75.5611956,75.53239035,75.41864039,B2_G95,75.5611956,75.53239035,75.41864039
B2_G63,49.9099719138097,49.4988582891474,49.8764513581405,B2_G63,51.1470404852962,51.393439415606,51.0798163062515,B2_G63,49.4511318048642,49.5411683216436,49.6214948188417,B2_G63,50.25491671,50.02036662,49.95531205,B2_G63,50.25491671,50.02036662,49.95531205,B2_G63,50.25491671,50.02036662,49.95531205,B2_G63,50.25491671,50.02036662,49.95531205,B2_G63,50.25491671,50.02036662,49.95531205,B2_G63,49.85251793,49.86899149,49.94282609,B2_G63,49.85251793,49.86899149,49.94282609,B2_G63,49.85251793,49.86899149,49.94282609
B2_G47,37.5491918061671,37.0503322815965,37.0986718527927,B2_G47,35.914781940081,35.947910594107,35.8316850634195,B2_G47,37.2867196493583,37.2156495733829,36.9951180028504,B2_G47,37.44910703,37.44798843,37.21905267,B2_G47,37.44910703,37.44798843,37.21905267,B2_G47,37.44910703,37.44798843,37.21905267,B2_G47,37.44910703,37.44798843,37.21905267,B2_G47,37.44910703,37.44798843,37.21905267,B2_G47,37.30627373,37.26630268,37.16519015,B2_G47,37.30627373,37.26630268,37.16519015,B2_G47,37.30627373,37.26630268,37.16519015
B2_G31,24.0410419997897,24.2854334434646,24.1947623521306,B2_G31,24.9773938935805,25.1495624531147,25.2112190777568,B2_G31,24.2909149668674,24.4957255750619,24.4617722315236,B2_G31,24.59813048,24.88714831,24.85012255,B2_G31,24.59813048,24.88714831,24.85012255,B2_G31,24.59813048,24.88714831,24.85012255,B2_G31,24.59813048,24.88714831,24.85012255,B2_G31,24.59813048,24.88714831,24.85012255,B2_G31,24.40367247,24.5664904,24.81507451,B2_G31,24.40367247,24.5664904,24.81507451,B2_G31,24.40367247,24.5664904,24.81507451
B2_G23,18.103858762625,18.2242585588177,18.0864377581039,B2_G23,17.2046493858535,17.9353807594204,17.6464906531711,B2_G23,18.1772748552762,18.3801834602631,18.2335488166648,B2_G23,18.48685396,18.62705886,18.60430579,B2_G23,18.48685396,18.62705886,18.60430579,B2_G23,18.48685396,18.62705886,18.60430579,B2_G23,18.48685396,18.62705886,18.60430579,B2_G23,18.48685396,18.62705886,18.60430579,B2_G23,18.19037437,18.38037951,18.39015959,B2_G23,18.19037437,18.38037951,18.39015959,B2_G23,18.19037437,18.38037951,18.39015959
B2_G15,12.2723891897183,11.7961579268132,11.7877927490449,B2_G15,11.7888375338848,11.9352371019413,11.7387783395928,B2_G15,11.9877264046156,11.9853501567798,11.8296850986164,B2_G15,12.02594168,11.95801455,11.95475856,B2_G15,12.02594168,11.95801455,11.95475856,B2_G15,12.02594168,11.95801455,11.95475856,B2_G15,12.02594168,11.95801455,11.95475856,B2_G15,12.02594168,11.95801455,11.95475856,B2_G15,12.16562093,11.8982094,11.95438337,B2_G15,12.16562093,11.8982094,11.95438337,B2_G15,12.16562093,11.8982094,11.95438337
B2_G7,5.95550510956038,5.89647089670691,5.88097151426684,B2_G7,6.05725703316856,5.9021273526136,5.88309632636082,B2_G7,5.91524801341134,5.97070689156003,5.82385529331921,B2_G7,5.865818544,5.972678191,5.932532108,B2_G7,5.865818544,5.972678191,5.932532108,B2_G7,5.865818544,5.972678191,5.932532108,B2_G7,5.865818544,5.972678191,5.932532108,B2_G7,5.865818544,5.972678191,5.932532108,B2_G7,5.853044342,5.975328919,5.900079552,B2_G7,5.853044342,5.975328919,5.900079552,B2_G7,5.853044342,5.975328919,5.900079552
B2_G4,3,3,3,B2_G4,3.0991979584212,3.1157252266777,3,B2_G4,3.11311066257248,3,3,B2_G4,3.144051529,3.062432057,3,B2_G4,3.144051529,3.062432057,3,B2_G4,3.144051529,3.062432057,3,B2_G4,3.144051529,3.062432057,3,B2_G4,3.144051529,3.062432057,3,B2_G4,3.148524099,3.063886296,3,B2_G4,3.148524099,3.063886296,3,B2_G4,3.148524099,3.063886296,3
B3_G255,189.785255361316,190.357290385734,190.06786648545,B3_G255,189.847552314566,190.569704946722,190.00802761254,B3_G255,189.614347835224,189.358792167923,189.45824398395,B3_G255,189.5001243,190.6675187,190.4248427,B3_G255,189.5001243,190.6675187,190.4248427,B3_G255,189.5001243,190.6675187,190.4248427,B3_G255,189.5001243,190.6675187,190.4248427,B3_G255,189.5001243,190.6675187,190.4248427,B3_G255,190.1790424,190.7098549,189.8955743,B3_G255,190.1790424,190.7098549,189.8955743,B3_G255,190.1790424,190.7098549,189.8955743
B3_G191,142.403686408438,142.323688363617,143.345913951209,B3_G191,143.24314815097,142.551316418593,142.759046086787,B3_G191,142.566098601502,142.669285111101,142.378070007579,B3_G191,142.8793437,142.9882791,143.1855553,B3_G191,142.8793437,142.9882791,143.1855553,B3_G191,142.8793437,142.9882791,143.1855553,B3_G191,142.8793437,142.9882791,143.1855553,B3_G191,142.8793437,142.9882791,143.1855553,B3_G191,142.6179452,143.0130251,142.738379,B3_G191,142.6179452,143.0130251,142.738379,B3_G191,142.6179452,143.0130251,142.738379
B3_G127,93.2927737189107,92.7921831711716,92.6400578686602,B3_G127,97.6871078838451,97.4935410319958,97.7831531119254,B3_G127,94.1598011695243,94.3370686724205,93.9598259997612,B3_G127,94.59590096,94.47196992,94.49281762,B3_G127,94.59590096,94.47196992,94.49281762,B3_G127,94.59590096,94.47196992,94.49281762,B3_G127,94.59590096,94.47196992,94.49281762,B3_G127,94.59590096,94.47196992,94.49281762,B3_G127,94.34370642,94.42903477,94.66884221,B3_G127,94.34370642,94.42903477,94.66884221,B3_G127,94.34370642,94.42903477,94.66884221
B3_G95,70.1484446066977,70.1841495669066,70.0704385719924,B3_G95,68.0437035626078,67.8978421090173,68.1328026097282,B3_G95,70.5375006448033,70.8605654907709,70.5009657617703,B3_G95,70.7713822,71.33416522,70.93628317,B3_G95,70.7713822,71.33416522,70.93628317,B3_G95,70.7713822,71.33416522,70.93628317,B3_G95,70.7713822,71.33416522,70.93628317,B3_G95,70.7713822,71.33416522,70.93628317,B3_G95,70.86694698,71.24699814,70.67222204,B3_G95,70.86694698,71.24699814,70.67222204,B3_G95,70.86694698,71.24699814,70.67222204
B3_G63,46.1764620036467,46.3291433982549,46.2558943301177,B3_G63,49.0732114355261,48.8809828218905,49.1250093855038,B3_G63,46.4501806405764,46.8251895369802,46.9157820538414,B3_G63,47.28487141,47.13694398,47.22776553,B3_G63,47.28487141,47.13694398,47.22776553,B3_G63,47.28487141,47.13694398,47.22776553,B3_G63,47.28487141,47.13694398,47.22776553,B3_G63,47.28487141,47.13694398,47.22776553,B3_G63,47.08653228,47.32184678,47.26002269,B3_G63,47.08653228,47.32184678,47.26002269,B3_G63,47.08653228,47.32184678,47.26002269
B3_G47,34.9118433741335,35.0907917822427,35.0061240531656,B3_G47,34.2523895675692,34.1248306251183,33.968073921052,B3_G47,35.6441666614489,35.1068596666835,35.1907617457138,B3_G47,35.18996445,35.17382304,35.08292445,B3_G47,35.18996445,35.17382304,35.08292445,B3_G47,35.18996445,35.17382304,35.08292445,B3_G47,35.18996445,35.17382304,35.08292445,B3_G47,35.18996445,35.17382304,35.08292445,B3_G47,35.21310762,35.29177805,35.17117619,B3_G47,35.21310762,35.29177805,35.17117619,B3_G47,35.21310762,35.29177805,35.17117619
B3_G31,23.3041147838803,23.1725894184992,23.3652504774239,B3_G31,24.2398774696415,23.9897022607439,24.0734599432828,B3_G31,23.0796289814385,23.0064173779237,23.1049287364376,B3_G31,23.32614119,23.29340595,23.2995079,B3_G31,23.32614119,23.29340595,23.2995079,B3_G31,23.32614119,23.29340595,23.2995079,B3_G31,23.32614119,23.29340595,23.2995079,B3_G31,23.32614119,23.29340595,23.2995079,B3_G31,23.46958896,23.22129481,23.30864744,B3_G31,23.46958896,23.22129481,23.30864744,B3_G31,23.46958896,23.22129481,23.30864744
B3_G23,17.5839476511877,17.4687223276995,17.4509127746015,B3_G23,16.072121171713,16.7728884878978,16.6674193130419,B3_G23,17.2665559147654,17.4585923242425,17.3106094100859,B3_G23,17.63933656,17.53905068,17.51761789,B3_G23,17.63933656,17.53905068,17.51761789,B3_G23,17.63933656,17.53905068,17.51761789,B3_G23,17.63933656,17.53905068,17.51761789,B3_G23,17.63933656,17.53905068,17.51761789,B3_G23,17.48857434,17.46655401,17.39939066,B3_G23,17.48857434,17.46655401,17.39939066,B3_G23,17.48857434,17.46655401,17.39939066
B3_G15,11.1873758008954,11.1024812219298,11.0022014249585,B3_G15,10.88814353854,10.990213129128,10.9060396693223,B3_G15,10.9886158154579,11.1568685644394,10.9176351682904,B3_G15,11.28530016,11.32019616,10.99566869,B3_G15,11.28530016,11.32019616,10.99566869,B3_G15,11.28530016,11.32019616,10.99566869,B3_G15,11.28530016,11.32019616,10.99566869,B3_G15,11.28530016,11.32019616,10.99566869,B3_G15,11.1740886,11.21929532,11.02746179,B3_G15,11.1740886,11.21929532,11.02746179,B3_G15,11.1740886,11.21929532,11.02746179
B3_G7,5.58234058775021,6.13930927020616,5.74659323821524,B3_G7,5.64183329012902,6.17026952744994,5.97045010343948,B3_G7,5.60835349551119,6.11591912106536,5.88907276996611,B3_G7,5.644046875,6.179014456,5.890168096,B3_G7,5.644046875,6.179014456,5.890168096,B3_G7,5.644046875,6.179014456,5.890168096,B3_G7,5.644046875,6.179014456,5.890168096,B3_G7,5.644046875,6.179014456,5.890168096,B3_G7,5.675703594,6.172833887,5.934808998,B3_G7,5.675703594,6.172833887,5.934808998,B3_G7,5.675703594,6.172833887,5.934808998
B3_G4,4,4,4,B3_G4,4,4.17485376980448,4.17709566920833,B3_G4,4,4.41068914842247,4.17671630764344,B3_G4,4,4.412802734,4.254706766,B3_G4,4,4.412802734,4.254706766,B3_G4,4,4.412802734,4.254706766,B3_G4,4,4.412802734,4.254706766,B3_G4,4,4.412802734,4.254706766,B3_G4,4,4.403552772,4.23836959,B3_G4,4,4.403552772,4.23836959,B3_G4,4,4.403552772,4.23836959
B4_G255,186.255336984193,187.80801213203,187.125157152846,B4_G255,186.472488828461,187.839018255598,187.572782214202,B4_G255,185.959438579837,186.756333931299,187.248349908359,B4_G255,186.6129943,187.9995161,187.2155865,B4_G255,186.6129943,187.9995161,187.2155865,B4_G255,186.6129943,187.9995161,187.2155865,B4_G255,186.6129943,187.9995161,187.2155865,B4_G255,186.6129943,187.9995161,187.2155865,B4_G255,187.4977692,188.179973,188.4507156,B4_G255,187.4977692,188.179973,188.4507156,B4_G255,187.4977692,188.179973,188.4507156
B4_G191,141.494382224321,141.96579520196,141.983682149865,B4_G191,140.854155112558,140.966021686196,141.051776217024,B4_G191,139.647027622464,140.856112047815,140.443116589527,B4_G191,140.9610262,141.1316176,141.1416633,B4_G191,140.9610262,141.1316176,141.1416633,B4_G191,140.9610262,141.1316176,141.1416633,B4_G191,140.9610262,141.1316176,141.1416633,B4_G191,140.9610262,141.1316176,141.1416633,B4_G191,139.8736922,140.5463712,140.834653,B4_G191,139.8736922,140.5463712,140.834653,B4_G191,139.8736922,140.5463712,140.834653
B4_G127,92.4035423819502,92.6202737476288,92.1832916101914,B4_G127,96.3534195087613,96.5551870865033,96.9922011854795,B4_G127,92.6566913652993,93.5956527027316,93.3051785684529,B4_G127,93.48948003,93.10291908,93.75312112,B4_G127,93.48948003,93.10291908,93.75312112,B4_G127,93.48948003,93.10291908,93.75312112,B4_G127,93.48948003,93.10291908,93.75312112,B4_G127,93.48948003,93.10291908,93.75312112,B4_G127,93.45308712,93.19653551,93.96333049,B4_G127,93.45308712,93.19653551,93.96333049,B4_G127,93.45308712,93.19653551,93.96333049
B4_G95,70.1994421517623,70.2394371861434,70.566130663906,B4_G95,66.8941437059127,67.0669258552741,67.4163254771346,B4_G95,69.9632887620216,70.0498238260113,70.1437936879503,B4_G95,69.93584427,70.00679153,69.65854642,B4_G95,69.93584427,70.00679153,69.65854642,B4_G95,69.93584427,70.00679153,69.65854642,B4_G95,69.93584427,70.00679153,69.65854642,B4_G95,69.93584427,70.00679153,69.65854642,B4_G95,70.41195609,70.04023459,70.31114672,B4_G95,70.41195609,70.04023459,70.31114672,B4_G95,70.41195609,70.04023459,70.31114672
B4_G63,46.1705866684278,45.7655779054045,46.0392139631793,B4_G63,48.0888146206903,48.1207379746347,48.3514270245321,B4_G63,45.7382338209701,46.2935668239255,46.1012869224731,B4_G63,46.35952801,46.57235903,46.3006518,B4_G63,46.35952801,46.57235903,46.3006518,B4_G63,46.35952801,46.57235903,46.3006518,B4_G63,46.35952801,46.57235903,46.3006518,B4_G63,46.35952801,46.57235903,46.3006518,B4_G63,46.36940831,46.55996664,46.13808697,B4_G63,46.36940831,46.55996664,46.13808697,B4_G63,46.36940831,46.55996664,46.13808697
B4_G47,34.7304261412382,34.7726424068175,34.6009520531886,B4_G47,32.5817987831843,33.9824985257042,33.2168674352943,B4_G47,34.8603287308588,35.0207689470528,34.8051328123149,B4_G47,34.5902165,34.72722571,34.49298555,B4_G47,34.5902165,34.72722571,34.49298555,B4_G47,34.5902165,34.72722571,34.49298555,B4_G47,34.5902165,34.72722571,34.49298555,B4_G47,34.5902165,34.72722571,34.49298555,B4_G47,34.68312487,34.90889757,34.73661149,B4_G47,34.68312487,34.90889757,34.73661149,B4_G47,34.68312487,34.90889757,34.73661149
B4_G31,22.1170801076487,23.1451449212082,22.7504014189403,B4_G31,23.7835359339062,24.0203069324912,23.4828495911918,B4_G31,22.5590497620048,22.9478830838806,22.8270416994064,B4_G31,22.37972998,23.07907665,22.83210634,B4_G31,22.37972998,23.07907665,22.83210634,B4_G31,22.37972998,23.07907665,22.83210634,B4_G31,22.37972998,23.07907665,22.83210634,B4_G31,22.37972998,23.07907665,22.83210634,B4_G31,22.80948254,23.07369824,23.20116688,B4_G31,22.80948254,23.07369824,23.20116688,B4_G31,22.80948254,23.07369824,23.20116688
B4_G23,16.8443889486717,17.7279373732516,16.91486617829,B4_G23,15.760064456051,17.619679789517,16.710861154632,B4_G23,17.0428420133066,17.5718953410527,17.0901545840363,B4_G23,17.07058829,17.42993469,17.37903433,B4_G23,17.07058829,17.42993469,17.37903433,B4_G23,17.07058829,17.42993469,17.37903433,B4_G23,17.07058829,17.42993469,17.37903433,B4_G23,17.07058829,17.42993469,17.37903433,B4_G23,17.07574562,17.50017755,17.30171452,B4_G23,17.07574562,17.50017755,17.30171452,B4_G23,17.07574562,17.50017755,17.30171452
B4_G15,11.0375812853633,11.3887061374311,10.8682573520994,B4_G15,10.6235919391129,11.3233468248448,10.8274824015323,B4_G15,11.2175490879303,11.3979490300758,10.9476423060285,B4_G15,11.04323764,11.30109034,11.22405235,B4_G15,11.04323764,11.30109034,11.22405235,B4_G15,11.04323764,11.30109034,11.22405235,B4_G15,11.04323764,11.30109034,11.22405235,B4_G15,11.04323764,11.30109034,11.22405235,B4_G15,11.15516671,11.40643057,11.04483763,B4_G15,11.15516671,11.40643057,11.04483763,B4_G15,11.15516671,11.40643057,11.04483763
B4_G7,5.7239330324783,6.54958474244153,6.23674054328021,B4_G7,5.57800094766792,6.57228742725765,6.06020609169758,B4_G7,5.87674879887048,6.65700816993611,6.20842846253216,B4_G7,5.75606705,6.688938073,6.158205777,B4_G7,5.75606705,6.688938073,6.158205777,B4_G7,5.75606705,6.688938073,6.158205777,B4_G7,5.75606705,6.688938073,6.158205777,B4_G7,5.75606705,6.688938073,6.158205777,B4_G7,5.839663379,6.80033657,6.193533706,B4_G7,5.839663379,6.80033657,6.193533706,B4_G7,5.839663379,6.80033657,6.193533706
B4_G5,4,4,4,B4_G5,4.06172511559761,4.4806780414775,4,B4_G5,4,4,4,B4_G5,4,4,4,B4_G5,4,4,4,B4_G5,4,4,4,B4_G5,4,4,4,B4_G5,4,4,4,B4_G5,4,4,4,B4_G5,4,4,4,B4_G5,4,4,4
B5_G255,212.473683676778,212.442692311309,211.367247525401,B5_G255,212.473873539662,214.405111382604,211.740385465437,B5_G255,214.017093647762,215.773698383897,213.648999178226,B5_G255,214.8975797,218.7133685,214.5428118,B5_G255,214.8975797,218.7133685,214.5428118,B5_G255,214.8975797,218.7133685,214.5428118,B5_G255,214.8975797,218.7133685,214.5428118,B5_G255,214.8975797,218.7133685,214.5428118,B5_G255,213.8566306,218.0031053,212.2387728,B5_G255,213.8566306,218.0031053,212.2387728,B5_G255,213.8566306,218.0031053,212.2387728
B5_G191,160.0659420595,159.941212482246,159.132970047187,B5_G191,158.34893126142,159.546571448138,157.300030729725,B5_G191,161.727381168169,162.657883292244,160.819212453569,B5_G191,161.1269827,164.1597678,160.7152347,B5_G191,161.1269827,164.1597678,160.7152347,B5_G191,161.1269827,164.1597678,160.7152347,B5_G191,161.1269827,164.1597678,160.7152347,B5_G191,161.1269827,164.1597678,160.7152347,B5_G191,161.2107687,164.589399,159.8702452,B5_G191,161.2107687,164.589399,159.8702452,B5_G191,161.2107687,164.589399,159.8702452
B5_G127,105.227790575623,106.722409385061,104.919141944958,B5_G127,107.155538794369,108.3763977245,106.710934739063,B5_G127,107.943176534115,109.07654575819,107.213401957259,B5_G127,106.909998,109.7015448,107.0402692,B5_G127,106.909998,109.7015448,107.0402692,B5_G127,106.909998,109.7015448,107.0402692,B5_G127,106.909998,109.7015448,107.0402692,B5_G127,106.909998,109.7015448,107.0402692,B5_G127,106.8075218,109.4662723,106.75054,B5_G127,106.8075218,109.4662723,106.75054,B5_G127,106.8075218,109.4662723,106.75054
B5_G95,79.86098046311,80.9800902573575,79.9615733905397,B5_G95,77.0722893822023,79.3048118909238,76.4077215170986,B5_G95,80.9302192839477,82.5566900079077,80.5187198900111,B5_G95,81.5023033,83.82859224,81.61942108,B5_G95,81.5023033,83.82859224,81.61942108,B5_G95,81.5023033,83.82859224,81.61942108,B5_G95,81.5023033,83.82859224,81.61942108,B5_G95,81.5023033,83.82859224,81.61942108,B5_G95,80.80790213,82.87189572,79.86598093,B5_G95,80.80790213,82.87189572,79.86598093,B5_G95,80.80790213,82.87189572,79.86598093
B5_G63,52.8255415293731,53.730576736997,52.1462226868771,B5_G63,53.9297772599299,55.1580011528822,53.2544485961385,B5_G63,54.4379098872899,55.7511060168,53.6482855143476,B5_G63,54.44976084,56.42212503,53.73636496,B5_G63,54.44976084,56.42212503,53.73636496,B5_G63,54.44976084,56.42212503,53.73636496,B5_G63,54.44976084,56.42212503,53.73636496,B5_G63,54.44976084,56.42212503,53.73636496,B5_G63,54.11931311,55.61050043,53.67346709,B5_G63,54.11931311,55.61050043,53.67346709,B5_G63,54.11931311,55.61050043,53.67346709
B5_G47,40.6867414260814,41.0046044303006,39.5100776647933,B5_G47,41.8360022803848,41.8277802868965,39.3570685785165,B5_G47,42.2170752862322,42.7279189183939,40.6188130693562,B5_G47,41.56817623,42.83964867,40.51392119,B5_G47,41.56817623,42.83964867,40.51392119,B5_G47,41.56817623,42.83964867,40.51392119,B5_G47,41.56817623,42.83964867,40.51392119,B5_G47,41.56817623,42.83964867,40.51392119,B5_G47,41.21864834,42.74164166,39.92502562,B5_G47,41.21864834,42.74164166,39.92502562,B5_G47,41.21864834,42.74164166,39.92502562
B5_G31,28.8043741249056,27.7482676249184,26.5180733483677,B5_G31,29.5355419903926,28.648117228329,27.0162949894652,B5_G31,30.1590388074427,29.7989101403689,27.508089018178,B5_G31,29.27057756,29.9216991,27.40103277,B5_G31,29.27057756,29.9216991,27.40103277,B5_G31,29.27057756,29.9216991,27.40103277,B5_G31,29.27057756,29.9216991,27.40103277,B5_G31,29.27057756,29.9216991,27.40103277,B5_G31,29.09244479,29.67377065,27.17345089,B5_G31,29.09244479,29.67377065,27.17345089,B5_G31,29.09244479,29.67377065,27.17345089
B5_G23,22.1036168078035,21.9891672002982,19.749259224727,B5_G23,23.9569447499278,22.8179715239074,20.2967466417573,B5_G23,24.3979709887773,23.6874937377774,20.9795049876481,B5_G23,23.58392153,23.54739101,20.87914275,B5_G23,23.58392153,23.54739101,20.87914275,B5_G23,23.58392153,23.54739101,20.87914275,B5_G23,23.58392153,23.54739101,20.87914275,B5_G23,23.58392153,23.54739101,20.87914275,B5_G23,23.52815684,23.3341154,20.6571871,B5_G23,23.52815684,23.3341154,20.6571871,B5_G23,23.52815684,23.3341154,20.6571871
B5_G15,16.9244483245612,16.8677899770679,13.3942962992561,B5_G15,17.6721027302832,17.209685104553,13.3181586696596,B5_G15,18.3317479854708,17.6587935756499,14.6827025614267,B5_G15,17.41961963,18.02315472,14.77001642,B5_G15,17.41961963,18.02315472,14.77001642,B5_G15,17.41961963,18.02315472,14.77001642,B5_G15,17.41961963,18.02315472,14.77001642,B5_G15,17.41961963,18.02315472,14.77001642,B5_G15,17.18740044,17.85157283,14.36869259,B5_G15,17.18740044,17.85157283,14.36869259,B5_G15,17.18740044,17.85157283,14.36869259
B5_G7,7.80785303054638,8.53166233446595,6.30390273951434,B5_G7,10.607013747246,12.2047736073031,7.71162952857108,B5_G7,10.7053236172941,13.2444776791762,8.24081367942866,B5_G7,10.84879753,13.58600321,8.388393905,B5_G7,10.84879753,13.58600321,8.388393905,B5_G7,10.84879753,13.58600321,8.388393905,B5_G7,10.84879753,13.58600321,8.388393905,B5_G7,10.84879753,13.58600321,8.388393905,B5_G7,10.52831782,13.49002241,8.210538606,B5_G7,10.52831782,13.49002241,8.210538606,B5_G7,10.52831782,13.49002241,8.210538606
B5_G3,5.13500290476348,5.20932010930652,5,B5_G3,5.4785270195634,6.53227362000891,5.24643089749711,B5_G3,5.27201596760744,5.61261157042464,5.22402942647841,B5_G3,5.257683506,5.654965319,5.316779906,B5_G3,5.257683506,5.654965319,5.316779906,B5_G3,5.257683506,5.654965319,5.316779906,B5_G3,5.257683506,5.654965319,5.316779906,B5_G3,5.257683506,5.654965319,5.316779906,B5_G3,5.236037336,5.634445045,5.2664733,B5_G3,5.236037336,5.634445045,5.2664733,B5_G3,5.236037336,5.634445045,5.2664733
B6_G255,213.982568500934,214.022682718035,213.986187235797,B6_G255,214.473109518756,214.220723079314,214.461059654089,B6_G255,212.996833928648,213.545367514576,214.773065210909,B6_G255,214.0505635,213.8096969,213.6163706,B6_G255,214.0505635,213.8096969,213.6163706,B6_G255,214.0505635,213.8096969,213.6163706,B6_G255,214.0505635,213.8096969,213.6163706,B6_G255,214.0505635,213.8096969,213.6163706,B6_G255,215.2795983,214.601277,215.5356834,B6_G255,215.2795983,214.601277,215.5356834,B6_G255,215.2795983,214.601277,215.5356834
B6_G191,159.660069421995,160.250436205051,160.204814195754,B6_G191,160.478995234439,160.108419265958,161.023804615714,B6_G191,160.336009904415,160.176084626325,160.208145755439,B6_G191,160.7653623,160.5409193,160.3421085,B6_G191,160.7653623,160.5409193,160.3421085,B6_G191,160.7653623,160.5409193,160.3421085,B6_G191,160.7653623,160.5409193,160.3421085,B6_G191,160.7653623,160.5409193,160.3421085,B6_G191,159.6326612,159.8039515,160.4244403,B6_G191,159.6326612,159.8039515,160.4244403,B6_G191,159.6326612,159.8039515,160.4244403
B6_G127,105.930364662433,105.604468320596,105.207078469608,B6_G127,108.263289321085,108.206077544236,108.529364065325,B6_G127,105.944704940717,106.342771851346,105.896297226128,B6_G127,106.014962,105.9937685,106.3581382,B6_G127,106.014962,105.9937685,106.3581382,B6_G127,106.014962,105.9937685,106.3581382,B6_G127,106.014962,105.9937685,106.3581382,B6_G127,106.014962,105.9937685,106.3581382,B6_G127,106.4673302,106.4101459,107.0920281,B6_G127,106.4673302,106.4101459,107.0920281,B6_G127,106.4673302,106.4101459,107.0920281
B6_G95,78.9608974484189,79.2269619581529,79.1355435815767,B6_G95,79.1935732634191,77.8711934662891,78.6908444235877,B6_G95,80.032392480005,79.2430722528361,79.7116769648932,B6_G95,80.34035268,79.93967804,79.50974915,B6_G95,80.34035268,79.93967804,79.50974915,B6_G95,80.34035268,79.93967804,79.50974915,B6_G95,80.34035268,79.93967804,79.50974915,B6_G95,80.34035268,79.93967804,79.50974915,B6_G95,80.38187163,79.65985656,80.277129,B6_G95,80.38187163,79.65985656,80.277129,B6_G95,80.38187163,79.65985656,80.277129
B5_G63,53.036457934953,52.1188167917276,52.3939986909205,B5_G63,54.2042147285629,52.909980033323,54.0266226000068,B5_G63,63.858824579563,62.8143072229762,63.0744153992974,B5_G63,64.44330277,62.78975761,63.00866559,B5_G63,64.44330277,62.78975761,63.00866559,B5_G63,64.44330277,62.78975761,63.00866559,B5_G63,64.44330277,62.78975761,63.00866559,B5_G63,64.44330277,62.78975761,63.00866559,B5_G63,64.43162066,63.09359816,63.17322844,B5_G63,64.43162066,63.09359816,63.17322844,B5_G63,64.43162066,63.09359816,63.17322844
B6_G47,39.7209626377401,39.4516559019209,39.5741121454107,B6_G47,38.6027800327599,38.8891376664569,38.9277987956346,B6_G47,39.7114014247664,39.341790335853,39.4662439041914,B6_G47,38.98093415,39.4891753,39.30942902,B6_G47,38.98093415,39.4891753,39.30942902,B6_G47,38.98093415,39.4891753,39.30942902,B6_G47,38.98093415,39.4891753,39.30942902,B6_G47,38.98093415,39.4891753,39.30942902,B6_G47,39.65933612,39.05533033,39.29636333,B6_G47,39.65933612,39.05533033,39.29636333,B6_G47,39.65933612,39.05533033,39.29636333
B6_G31,26.0279715314507,25.8929304506441,25.9522439988038,B6_G31,26.261460115605,25.9847681844148,26.1362171513357,B6_G31,25.8489357556027,25.733031215827,26.0856180371227,B6_G31,25.59206002,25.89672985,26.03183968,B6_G31,25.59206002,25.89672985,26.03183968,B6_G31,25.59206002,25.89672985,26.03183968,B6_G31,25.59206002,25.89672985,26.03183968,B6_G31,25.59206002,25.89672985,26.03183968,B6_G31,25.85913338,26.0643286,26.27472381,B6_G31,25.85913338,26.0643286,26.27472381,B6_G31,25.85913338,26.0643286,26.27472381
B6_G23,18.2651343255996,19.1532004281969,19.2247257682112,B6_G23,18.7819234226959,19.7301208446218,19.7789547838765,B6_G23,18.9960079680662,19.7836403045238,19.4489337740885,B6_G23,19.18825204,19.76044729,19.76888041,B6_G23,19.18825204,19.76044729,19.76888041,B6_G23,19.18825204,19.76044729,19.76888041,B6_G23,19.18825204,19.76044729,19.76888041,B6_G23,19.18825204,19.76044729,19.76888041,B6_G23,19.30048283,19.92350754,19.66728565,B6_G23,19.30048283,19.92350754,19.66728565,B6_G23,19.30048283,19.92350754,19.66728565
B6_G15,12.6394922873459,12.9491424185605,12.6786903949623,B6_G15,12.3059432950171,12.5053146560383,12.3207814615535,B6_G15,12.2262305319337,12.2629969194788,12.2191995630714,B6_G15,12.25219429,12.35172152,12.0400404,B6_G15,12.25219429,12.35172152,12.0400404,B6_G15,12.25219429,12.35172152,12.0400404,B6_G15,12.25219429,12.35172152,12.0400404,B6_G15,12.25219429,12.35172152,12.0400404,B6_G15,12.39300305,12.20494233,12.39570995,B6_G15,12.39300305,12.20494233,12.39570995,B6_G15,12.39300305,12.20494233,12.39570995
B6_G8,6.21358321035631,6.02248592769722,5.89001926667905,B6_G8,5.56121399185819,6.35726212517843,5.95788098442136,B6_G8,6.33751718346485,6.28874984138016,6.3203626706323,B6_G8,6.370748353,6.482947431,6.372722315,B6_G8,6.370748353,6.482947431,6.372722315,B6_G8,6.370748353,6.482947431,6.372722315,B6_G8,6.370748353,6.482947431,6.372722315,B6_G8,6.370748353,6.482947431,6.372722315,B6_G8,6.320541942,6.315311712,6.323562043,B6_G8,6.320541942,6.315311712,6.323562043,B6_G8,6.320541942,6.315311712,6.323562043
B6_G4,3,3,3,B6_G4,3,3,3,B6_G4,3,3,3,B6_G4,3,3,3,B6_G4,3,3,3,B6_G4,3,3,3,B6_G4,3,3,3,B6_G4,3,3,3,B6_G4,3,3,3,B6_G4,3,3,3,B6_G4,3,3,3
B7_G255,187.746116038212,186.237315077084,186.844514976527,B7_G255,188.434079939117,186.821422871998,186.903494223415,B7_G255,184.003692258796,185.325895602265,185.332756400517,B7_G255,187.5558078,186.6210339,187.0602848,B7_G255,187.5558078,186.6210339,187.0602848,B7_G255,187.5558078,186.6210339,187.0602848,B7_G255,187.5558078,186.6210339,187.0602848,B7_G255,187.5558078,186.6210339,187.0602848,B7_G255,189.0571036,187.1734891,186.8757475,B7_G255,189.0571036,187.1734891,186.8757475,B7_G255,189.0571036,187.1734891,186.8757475
B7_G191,139.324515242609,139.052725300183,139.533668425049,B7_G191,140.964950668741,139.346386493184,139.618800811642,B7_G191,139.061080948099,139.86120622845,139.148920089238,B7_G191,141.0130216,139.3071669,139.5504162,B7_G191,141.0130216,139.3071669,139.5504162,B7_G191,141.0130216,139.3071669,139.5504162,B7_G191,141.0130216,139.3071669,139.5504162,B7_G191,141.0130216,139.3071669,139.5504162,B7_G191,140.4865209,138.7773781,138.6263074,B7_G191,140.4865209,138.7773781,138.6263074,B7_G191,140.4865209,138.7773781,138.6263074
B7_G127,93.0446547901076,93.0617724573433,92.6266078085964,B7_G127,95.2179592479639,94.5282960643345,95.3263248811404,B7_G127,90.5655434510918,92.2236377370843,91.4629246370932,B7_G127,93.33214402,90.4837954,92.37369771,B7_G127,93.33214402,90.4837954,92.37369771,B7_G127,93.33214402,90.4837954,92.37369771,B7_G127,93.33214402,90.4837954,92.37369771,B7_G127,93.33214402,90.4837954,92.37369771,B7_G127,92.76627778,91.93343526,92.19820236,B7_G127,92.76627778,91.93343526,92.19820236,B7_G127,92.76627778,91.93343526,92.19820236
B7_G95,69.3090349139511,69.2737048783284,69.3191166443926,B7_G95,65.8161687968561,66.0553225716091,64.6825730944507,B7_G95,56.8884479586011,57.4665328117608,57.478533139423,B7_G95,58.28952891,58.0694758,58.29176614,B7_G95,58.28952891,58.0694758,58.29176614,B7_G95,58.28952891,58.0694758,58.29176614,B7_G95,58.28952891,58.0694758,58.29176614,B7_G95,58.28952891,58.0694758,58.29176614,B7_G95,58.5015802,57.9637415,57.79264163,B7_G95,58.5015802,57.9637415,57.79264163,B7_G95,58.5015802,57.9637415,57.79264163
B7_G63,45.4970559559973,45.4263320599375,45.2798400159701,B7_G63,47.1512664688551,46.3916358142438,46.2574927175193,B7_G63,45.2794409135885,45.9836486567026,45.8619956803958,B7_G63,47.20797446,46.57070662,46.39743195,B7_G63,47.20797446,46.57070662,46.39743195,B7_G63,47.20797446,46.57070662,46.39743195,B7_G63,47.20797446,46.57070662,46.39743195,B7_G63,47.20797446,46.57070662,46.39743195,B7_G63,47.06941038,46.45362877,46.35119983,B7_G63,47.06941038,46.45362877,46.35119983,B7_G63,47.06941038,46.45362877,46.35119983
B7_G47,35.2843806705415,34.7595091032007,34.7018211691243,B7_G47,33.5115994535615,33.9790160962211,33.2755964332144,B7_G47,34.905451099092,34.5061081285489,34.3819122987057,B7_G47,35.71344702,34.95251557,35.08275738,B7_G47,35.71344702,34.95251557,35.08275738,B7_G47,35.71344702,34.95251557,35.08275738,B7_G47,35.71344702,34.95251557,35.08275738,B7_G47,35.71344702,34.95251557,35.08275738,B7_G47,35.02509927,34.58097149,34.47341774,B7_G47,35.02509927,34.58097149,34.47341774,B7_G47,35.02509927,34.58097149,34.47341774
B7_G31,24.0014107010615,22.3905867458234,23.0082888651632,B7_G31,24.7015259829457,22.0649791114603,22.7294620163365,B7_G31,22.3369290004641,22.0586686958028,22.801200796413,B7_G31,22.53630003,22.1892404,22.54966008,B7_G31,22.53630003,22.1892404,22.54966008,B7_G31,22.53630003,22.1892404,22.54966008,B7_G31,22.53630003,22.1892404,22.54966008,B7_G31,22.53630003,22.1892404,22.54966008,B7_G31,22.82915413,22.35614014,22.84217894,B7_G31,22.82915413,22.35614014,22.84217894,B7_G31,22.82915413,22.35614014,22.84217894
B7_G23,16.5734484711472,17.1370560546967,17.1283336048271,B7_G23,17.3405031370947,16.917663152721,17.3643730218307,B7_G23,17.3699792954333,17.5034023244953,16.8281235204907,B7_G23,17.78840936,16.96476069,16.95112265,B7_G23,17.78840936,16.96476069,16.95112265,B7_G23,17.78840936,16.96476069,16.95112265,B7_G23,17.78840936,16.96476069,16.95112265,B7_G23,17.78840936,16.96476069,16.95112265,B7_G23,17.60966329,16.86352267,16.83627951,B7_G23,17.60966329,16.86352267,16.83627951,B7_G23,17.60966329,16.86352267,16.83627951
B7_G15,12.2291813787224,12.8335763256118,12.3011383302696,B7_G15,12.2673997899136,10.6410934642073,11.5509950619643,B7_G15,11.5927300357193,10.8709016380332,10.9961088341383,B7_G15,12.08841341,10.66944565,11.35089922,B7_G15,12.08841341,10.66944565,11.35089922,B7_G15,12.08841341,10.66944565,11.35089922,B7_G15,12.08841341,10.66944565,11.35089922,B7_G15,12.08841341,10.66944565,11.35089922,B7_G15,11.62332588,10.87114046,11.26871046,B7_G15,11.62332588,10.87114046,11.26871046,B7_G15,11.62332588,10.87114046,11.26871046
B7_G11,7.09793346195759,7.03341990312901,6.76668529203872,B7_G11,6.21725021364556,7.32621020180117,6.76444197498153,B7_G11,6.7363293286538,7.74373628136301,7.30268332254132,B7_G11,6.82863845,7.581438199,7.284626092,B7_G11,6.82863845,7.581438199,7.284626092,B7_G11,6.82863845,7.581438199,7.284626092,B7_G11,6.82863845,7.581438199,7.284626092,B7_G11,6.82863845,7.581438199,7.284626092,B7_G11,6.950050462,7.535602206,7.263909293,B7_G11,6.950050462,7.535602206,7.263909293,B7_G11,6.950050462,7.535602206,7.263909293
B7_G4,4,4,4,B7_G4,4,4,4,B7_G4,4,4,4,B7_G4,4,4,4,B7_G4,4,4,4,B7_G4,4,4,4,B7_G4,4,4,4,B7_G4,4,4,4,B7_G4,4,4,4,B7_G4,4,4,4,B7_G4,4,4,4
B8_G255,187.073154006729,187.024592791458,187.179754067618,B8_G255,186.49319342264,186.837040625418,187.353071077362,B8_G255,185.299786765318,184.785195524992,186.601586886764,B8_G255,186.2217032,187.2263416,187.3601527,B8_G255,186.2217032,187.2263416,187.3601527,B8_G255,186.2217032,187.2263416,187.3601527,B8_G255,186.2217032,187.2263416,187.3601527,B8_G255,186.2217032,187.2263416,187.3601527,B8_G255,186.8666767,186.6465149,187.2817611,B8_G255,186.8666767,186.6465149,187.2817611,B8_G255,186.8666767,186.6465149,187.2817611
B8_G191,139.481356536508,139.326370782676,140.300402803048,B8_G191,138.967012172782,139.718641031732,141.066315487099,B8_G191,139.967276784354,139.887813676242,139.796393733814,B8_G191,138.0118015,139.8928805,139.8227097,B8_G191,138.0118015,139.8928805,139.8227097,B8_G191,138.0118015,139.8928805,139.8227097,B8_G191,138.0118015,139.8928805,139.8227097,B8_G191,138.0118015,139.8928805,139.8227097,B8_G191,139.3576267,139.9580015,140.7221506,B8_G191,139.3576267,139.9580015,140.7221506,B8_G191,139.3576267,139.9580015,140.7221506
B8_G127,91.48024910769,92.457514777531,92.8106808192165,B8_G127,94.7555193829714,95.7441376670568,96.3151265903159,B8_G127,92.5522198885933,93.1280473452331,93.1839010028637,B8_G127,91.17714909,92.46314389,93.1400116,B8_G127,91.17714909,92.46314389,93.1400116,B8_G127,91.17714909,92.46314389,93.1400116,B8_G127,91.17714909,92.46314389,93.1400116,B8_G127,91.17714909,92.46314389,93.1400116,B8_G127,91.27310864,92.74887977,92.54710115,B8_G127,91.27310864,92.74887977,92.54710115,B8_G127,91.27310864,92.74887977,92.54710115
B8_G95,69.8991991949596,69.312406258354,69.771488245479,B8_G95,66.193072946531,67.9467949677036,67.0520161315261,B8_G95,69.5232481951066,69.8311248601808,70.0456308684822,B8_G95,69.92804058,69.52528806,69.86931088,B8_G95,69.92804058,69.52528806,69.86931088,B8_G95,69.92804058,69.52528806,69.86931088,B8_G95,69.92804058,69.52528806,69.86931088,B8_G95,69.92804058,69.52528806,69.86931088,B8_G95,69.81067538,69.73155259,69.82939139,B8_G95,69.81067538,69.73155259,69.82939139,B8_G95,69.81067538,69.73155259,69.82939139
B8_G63,45.1667824328249,44.9115600763737,45.274231424092,B8_G63,46.4803273313195,45.5137615934266,46.0203518315293,B8_G63,45.4151020205988,45.6354839693598,45.986558077143,B8_G63,46.172786,45.94831034,45.97154482,B8_G63,46.172786,45.94831034,45.97154482,B8_G63,46.172786,45.94831034,45.97154482,B8_G63,46.172786,45.94831034,45.97154482,B8_G63,46.172786,45.94831034,45.97154482,B8_G63,46.0984736,46.10423676,45.9793408,B8_G63,46.0984736,46.10423676,45.9793408,B8_G63,46.0984736,46.10423676,45.9793408
B8_G47,33.5949985441534,34.8610254391841,34.1684188740149,B8_G47,32.1685360646231,34.1257000724438,33.7613130434003,B8_G47,34.7798823885647,34.6746045826822,34.2076873365364,B8_G47,34.32308527,34.51628174,33.99917927,B8_G47,34.32308527,34.51628174,33.99917927,B8_G47,34.32308527,34.51628174,33.99917927,B8_G47,34.32308527,34.51628174,33.99917927,B8_G47,34.32308527,34.51628174,33.99917927,B8_G47,33.98997038,34.31133943,34.56716485,B8_G47,33.98997038,34.31133943,34.56716485,B8_G47,33.98997038,34.31133943,34.56716485
B8_G31,24.2781489695232,21.8355066504814,22.2801946958853,B8_G31,23.9760255594839,21.9678748264871,21.6242125456998,B8_G31,22.3885456868093,21.7085454158884,22.5422878493718,B8_G31,22.26428039,22.60152766,23.26639574,B8_G31,22.26428039,22.60152766,23.26639574,B8_G31,22.26428039,22.60152766,23.26639574,B8_G31,22.26428039,22.60152766,23.26639574,B8_G31,22.26428039,22.60152766,23.26639574,B8_G31,22.48080777,22.67592415,23.29939535,B8_G31,22.48080777,22.67592415,23.29939535,B8_G31,22.48080777,22.67592415,23.29939535
B8_G23,16.2006923958033,14.8568992381892,15.0173566148312,B8_G23,15.1869540315047,17.4946297447011,16.4338803590428,B8_G23,16.3847137227251,17.7273244051802,16.4790094212878,B8_G23,16.32798656,17.79376793,16.99765843,B8_G23,16.32798656,17.79376793,16.99765843,B8_G23,16.32798656,17.79376793,16.99765843,B8_G23,16.32798656,17.79376793,16.99765843,B8_G23,16.32798656,17.79376793,16.99765843,B8_G23,16.70760028,17.63528697,16.8225659,B8_G23,16.70760028,17.63528697,16.8225659,B8_G23,16.70760028,17.63528697,16.8225659
B8_G15,12.6167850380678,12.2947956380683,12.3426808820961,B8_G15,12.2266890004576,13.9432934945102,13.1158073190455,B8_G15,12.4820547201789,12.8039306481501,12.7910552102291,B8_G15,12.57650907,12.95178439,13.04954363,B8_G15,12.57650907,12.95178439,13.04954363,B8_G15,12.57650907,12.95178439,13.04954363,B8_G15,12.57650907,12.95178439,13.04954363,B8_G15,12.57650907,12.95178439,13.04954363,B8_G15,12.66291191,12.83714932,12.89400123,B8_G15,12.66291191,12.83714932,12.89400123,B8_G15,12.66291191,12.83714932,12.89400123
B8_G7,9.95124616825058,9.11065684600206,8.69230019345467,B8_G7,9.20716020672314,10.2416426085439,9.32189909589081,B8_G7,9.5724269657235,9.71681124557498,9.47302925377651,B8_G7,9.775100104,9.847789164,9.619848795,B8_G7,9.775100104,9.847789164,9.619848795,B8_G7,9.775100104,9.847789164,9.619848795,B8_G7,9.775100104,9.847789164,9.619848795,B8_G7,9.775100104,9.847789164,9.619848795,B8_G7,9.799714102,9.781144907,9.540140795,B8_G7,9.799714102,9.781144907,9.540140795,B8_G7,9.799714102,9.781144907,9.540140795
B8_G4,4,4,4,B8_G4,4,4,4,B8_G4,4,4,4,B8_G4,4,4,4,B8_G4,4,4,4,B8_G4,4,4,4,B8_G4,4,4,4,B8_G4,4,4,4,B8_G4,4,4,4,B8_G4,4,4,4,B8_G4,4,4,4
B9_G255,217.444186509911,218.884162064108,217.498749423944,B9_G255,218.109032960354,220.072566907886,218.132531971731,B9_G255,217.705242405177,218.218749737074,218.267363561413,B9_G255,218.1870045,220.7544584,219.4965885,B9_G255,218.1870045,220.7544584,219.4965885,B9_G255,218.1870045,220.7544584,219.4965885,B9_G255,218.1870045,220.7544584,219.4965885,B9_G255,218.1870045,220.7544584,219.4965885,B9_G255,218.2666946,219.4304664,216.8256648,B9_G255,218.2666946,219.4304664,216.8256648,B9_G255,218.2666946,219.4304664,216.8256648
B9_G191,161.925392748296,162.878093929751,162.744520932404,B9_G191,162.511903555154,163.948159524115,161.662897495704,B9_G191,163.261817942597,163.671274052681,162.505464586407,B9_G191,162.742709,163.0014731,162.754956,B9_G191,162.742709,163.0014731,162.754956,B9_G191,162.742709,163.0014731,162.754956,B9_G191,162.742709,163.0014731,162.754956,B9_G191,162.742709,163.0014731,162.754956,B9_G191,162.7617761,164.0160501,161.5402029,B9_G191,162.7617761,164.0160501,161.5402029,B9_G191,162.7617761,164.0160501,161.5402029
B9_G127,108.593905959415,108.036060937206,107.497269210797,B9_G127,110.51035361671,108.736524101106,111.294578090128,B9_G127,108.690731668056,108.041660748574,108.059703141198,B9_G127,108.1254875,108.1989514,107.7551815,B9_G127,108.1254875,108.1989514,107.7551815,B9_G127,108.1254875,108.1989514,107.7551815,B9_G127,108.1254875,108.1989514,107.7551815,B9_G127,108.1254875,108.1989514,107.7551815,B9_G127,107.9860903,108.4570151,108.1056108,B9_G127,107.9860903,108.4570151,108.1056108,B9_G127,107.9860903,108.4570151,108.1056108
B9_G95,81.1690386046243,82.0356770150561,81.3366975894778,B9_G95,80.5770248593482,80.474336478583,82.17779392357,B9_G95,81.6241973386961,81.22022270259,81.2803159317732,B9_G95,81.05729831,81.75502107,81.38317717,B9_G95,81.05729831,81.75502107,81.38317717,B9_G95,81.05729831,81.75502107,81.38317717,B9_G95,81.05729831,81.75502107,81.38317717,B9_G95,81.05729831,81.75502107,81.38317717,B9_G95,81.07013486,81.730272,81.54683451,B9_G95,81.07013486,81.730272,81.54683451,B9_G95,81.07013486,81.730272,81.54683451
B9_G63,53.8286384038399,52.0313595863363,53.0488925991079,B9_G63,54.4678895591004,53.3939319739669,53.9307193706314,B9_G63,54.315212021734,53.3813296815957,53.7456709320538,B9_G63,54.37931784,53.72183455,53.8980306,B9_G63,54.37931784,53.72183455,53.8980306,B9_G63,54.37931784,53.72183455,53.8980306,B9_G63,54.37931784,53.72183455,53.8980306,B9_G63,54.37931784,53.72183455,53.8980306,B9_G63,54.38810072,53.79290411,53.80590341,B9_G63,54.38810072,53.79290411,53.80590341,B9_G63,54.38810072,53.79290411,53.80590341
B9_G47,38.4560107843621,39.4576431355214,39.0473108708022,B9_G47,38.8951907728984,40.5842476175783,40.1570442451649,B9_G47,40.7804999030955,40.7089639185374,40.1455468277402,B9_G47,40.46188295,40.53387294,40.30016693,B9_G47,40.46188295,40.53387294,40.30016693,B9_G47,40.46188295,40.53387294,40.30016693,B9_G47,40.46188295,40.53387294,40.30016693,B9_G47,40.46188295,40.53387294,40.30016693,B9_G47,40.51018443,40.59371087,40.13778882,B9_G47,40.51018443,40.59371087,40.13778882,B9_G47,40.51018443,40.59371087,40.13778882
B9_G31,26.2557798779599,27.7829581296467,27.1938620747418,B9_G31,27.0425236334514,25.5085326387511,25.8658147426586,B9_G31,25.9240165091528,26.3343475697708,26.910356306401,B9_G31,26.47545795,26.52626391,26.88985249,B9_G31,26.47545795,26.52626391,26.88985249,B9_G31,26.47545795,26.52626391,26.88985249,B9_G31,26.47545795,26.52626391,26.88985249,B9_G31,26.47545795,26.52626391,26.88985249,B9_G31,26.01290845,25.63118316,26.4515695,B9_G31,26.01290845,25.63118316,26.4515695,B9_G31,26.01290845,25.63118316,26.4515695
B9_G23,18.4483099014934,19.977127698327,19.4661241355755,B9_G23,19.3945295653118,18.6713571424681,18.9677717782865,B9_G23,20.3529111728567,20.0566773749156,19.620775594467,B9_G23,20.64902991,20.22527893,20.31067527,B9_G23,20.64902991,20.22527893,20.31067527,B9_G23,20.64902991,20.22527893,20.31067527,B9_G23,20.64902991,20.22527893,20.31067527,B9_G23,20.64902991,20.22527893,20.31067527,B9_G23,20.61891517,19.95073374,20.16362642,B9_G23,20.61891517,19.95073374,20.16362642,B9_G23,20.61891517,19.95073374,20.16362642
B9_G15,12.6504381231195,13.2018369549958,12.7212883716797,B9_G15,12.7719229162718,11.3644043188471,12.5856578776606,B9_G15,12.4470639687583,10.1213047161808,10.5408994717134,B9_G15,12.51303751,9.694590891,10.51698555,B9_G15,12.51303751,9.694590891,10.51698555,B9_G15,12.51303751,9.694590891,10.51698555,B9_G15,12.51303751,9.694590891,10.51698555,B9_G15,12.51303751,9.694590891,10.51698555,B9_G15,12.05206838,9.179769444,10.09779323,B9_G15,12.05206838,9.179769444,10.09779323,B9_G15,12.05206838,9.179769444,10.09779323
B9_G7,6.33963602015449,6.37293350080063,6.14093658227821,B9_G7,6.27218746523803,5.60482895663901,6.04059515120059,B9_G7,6.07058842029636,5.01080314733003,5.33896066846177,B9_G7,6.08028507,4.869508242,5.330510045,B9_G7,6.08028507,4.869508242,5.330510045,B9_G7,6.08028507,4.869508242,5.330510045,B9_G7,6.08028507,4.869508242,5.330510045,B9_G7,6.08028507,4.869508242,5.330510045,B9_G7,5.897943037,4.743797403,5.22233112,B9_G7,5.897943037,4.743797403,5.22233112,B9_G7,5.897943037,4.743797403,5.22233112
B9_G4,4,4,4,B9_G4,4,4,4,B9_G4,4,4,4,B9_G4,4,4,4,B9_G4,4,4,4,B9_G4,4,4,4,B9_G4,4,4,4,B9_G4,4,4,4,B9_G4,4,4,4,B9_G4,4,4,4,B9_G4,4,4,4
B10_G255,199.979324494106,201.177964233306,199.87673765225,B10_G255,200.328314550738,201.322828024189,199.779533293548,B10_G255,197.897098244637,198.308330251815,199.396732387993,B10_G255,200.8806944,201.5179386,200.0071651,B10_G255,200.8806944,201.5179386,200.0071651,B10_G255,200.8806944,201.5179386,200.0071651,B10_G255,200.8806944,201.5179386,200.0071651,B10_G255,200.8806944,201.5179386,200.0071651,B10_G255,198.5899116,200.6105091,199.0707509,B10_G255,198.5899116,200.6105091,199.0707509,B10_G255,198.5899116,200.6105091,199.0707509
B10_G191,150.785494716639,149.560721503043,151.972127100405,B10_G191,150.866038885076,150.35098039789,152.255887935862,B10_G191,148.875883537196,149.300893312346,148.862304487428,B10_G191,149.988702,150.6477492,151.5312287,B10_G191,149.988702,150.6477492,151.5312287,B10_G191,149.988702,150.6477492,151.5312287,B10_G191,149.988702,150.6477492,151.5312287,B10_G191,149.988702,150.6477492,151.5312287,B10_G191,150.193889,149.7708206,152.7565442,B10_G191,150.193889,149.7708206,152.7565442,B10_G191,150.193889,149.7708206,152.7565442
B10_G127,98.0313420530864,97.866839465321,99.216845998406,B10_G127,101.282620628511,100.640440734189,101.100558283227,B10_G127,98.5573810206351,99.4492134352913,98.7215460653092,B10_G127,99.98550439,99.39092314,100.3009438,B10_G127,99.98550439,99.39092314,100.3009438,B10_G127,99.98550439,99.39092314,100.3009438,B10_G127,99.98550439,99.39092314,100.3009438,B10_G127,99.98550439,99.39092314,100.3009438,B10_G127,99.3555201,98.81206277,99.72785055,B10_G127,99.3555201,98.81206277,99.72785055,B10_G127,99.3555201,98.81206277,99.72785055
B10_G95,74.2447349556886,75.1358174322929,74.4746024898228,B10_G95,73.0027732729393,74.0736284295678,74.0678681495097,B10_G95,74.3172110438744,74.8741205757265,73.9435217172803,B10_G95,75.36660226,75.02652789,74.63549488,B10_G95,75.36660226,75.02652789,74.63549488,B10_G95,75.36660226,75.02652789,74.63549488,B10_G95,75.36660226,75.02652789,74.63549488,B10_G95,75.36660226,75.02652789,74.63549488,B10_G95,75.239408,74.86859932,74.75483741,B10_G95,75.239408,74.86859932,74.75483741,B10_G95,75.239408,74.86859932,74.75483741
B10_G63,49.9378320000754,48.0218100991478,49.5769991338555,B10_G63,51.7178202352725,48.3877129574167,50.284896622773,B10_G63,48.0305976666066,48.3854034330481,49.1065691298395,B10_G63,49.92153136,50.22610545,49.99466652,B10_G63,49.92153136,50.22610545,49.99466652,B10_G63,49.92153136,50.22610545,49.99466652,B10_G63,49.92153136,50.22610545,49.99466652,B10_G63,49.92153136,50.22610545,49.99466652,B10_G63,49.17104007,49.78594193,49.09419654,B10_G63,49.17104007,49.78594193,49.09419654,B10_G63,49.17104007,49.78594193,49.09419654
B10_G47,35.8109752165098,35.3743204394091,36.9204751596638,B10_G47,35.9660321678676,36.7241355316861,37.8608973069087,B10_G47,37.7605341569104,36.1168393730236,36.2402365570799,B10_G47,37.78687507,37.50689823,36.41022494,B10_G47,37.78687507,37.50689823,36.41022494,B10_G47,37.78687507,37.50689823,36.41022494,B10_G47,37.78687507,37.50689823,36.41022494,B10_G47,37.78687507,37.50689823,36.41022494,B10_G47,37.52193569,37.54666976,36.76280235,B10_G47,37.52193569,37.54666976,36.76280235,B10_G47,37.52193569,37.54666976,36.76280235
B10_G31,25.6397372351242,26.4331639779261,26.8050605336267,B10_G31,26.1519014128234,21.9423975675759,23.4657719508222,B10_G31,23.6501751825266,22.4273437576536,24.0107091363793,B10_G31,24.03722108,22.77522099,24.09978154,B10_G31,24.03722108,22.77522099,24.09978154,B10_G31,24.03722108,22.77522099,24.09978154,B10_G31,24.03722108,22.77522099,24.09978154,B10_G31,24.03722108,22.77522099,24.09978154,B10_G31,23.91813354,23.09463759,24.33741057,B10_G31,23.91813354,23.09463759,24.33741057,B10_G31,23.91813354,23.09463759,24.33741057
B10_G23,17.7473422699318,18.8181058079411,19.2191317455211,B10_G23,18.8203415446877,15.0983550854903,16.0511133256217,B10_G23,17.8873689849241,20.9061713641001,19.506839849727,B10_G23,18.40241785,20.23939746,19.5189588,B10_G23,18.40241785,20.23939746,19.5189588,B10_G23,18.40241785,20.23939746,19.5189588,B10_G23,18.40241785,20.23939746,19.5189588,B10_G23,18.40241785,20.23939746,19.5189588,B10_G23,18.50435252,20.43303042,19.97766466,B10_G23,18.50435252,20.43303042,19.97766466,B10_G23,18.50435252,20.43303042,19.97766466
B10_G20,12.3359205565536,12.5882204919012,12.5738641898645,B10_G20,12.5784097813538,8.61247529401452,10.4799761963168,B10_G20,11.9042072689544,7.71478654633248,9.34957330964787,B10_G20,11.8847671,7.740913305,9.683691259,B10_G20,11.8847671,7.740913305,9.683691259,B10_G20,11.8847671,7.740913305,9.683691259,B10_G20,11.8847671,7.740913305,9.683691259,B10_G20,11.8847671,7.740913305,9.683691259,B10_G20,11.80152317,8.820188951,10.1280526,B10_G20,11.80152317,8.820188951,10.1280526,B10_G20,11.80152317,8.820188951,10.1280526
B10_G7,6.249139826547,6.16917818012486,6.09051221663059,B10_G7,6.19971752351445,4.89419489767484,5.43921177075307,B10_G7,5.86360580505951,4.21340938439656,4.98603360765679,B10_G7,5.827303114,4.229101517,5.074396739,B10_G7,5.827303114,4.229101517,5.074396739,B10_G7,5.827303114,4.229101517,5.074396739,B10_G7,5.827303114,4.229101517,5.074396739,B10_G7,5.827303114,4.229101517,5.074396739,B10_G7,5.757024376,4.587418372,5.162011545,B10_G7,5.757024376,4.587418372,5.162011545,B10_G7,5.757024376,4.587418372,5.162011545
B10_G4,4,4,4,B10_G4,4,4,4,B10_G4,4,4,4,B10_G4,4,4,4,B10_G4,4,4,4,B10_G4,4,4,4,B10_G4,4,4,4,B10_G4,4,4,4,B10_G4,4,4,4,B10_G4,4,4,4,B10_G4,4,4,4
B11_G255,181.663229927094,189.549174181356,185.804416986722,B11_G255,181.051486288115,191.082891949943,187.15207290885,B11_G255,183.644812699962,187.192138928031,187.397512651998,B11_G255,181.0795399,191.6034156,185.5890949,B11_G255,181.0795399,191.6034156,185.5890949,B11_G255,181.0795399,191.6034156,185.5890949,B11_G255,181.0795399,191.6034156,185.5890949,B11_G255,181.0795399,191.6034156,185.5890949,B11_G255,179.1856413,192.3535973,183.5286024,B11_G255,179.1856413,192.3535973,183.5286024,B11_G255,179.1856413,192.3535973,183.5286024
B11_G191,138.442553158343,141.315648556325,140.122180850184,B11_G191,137.731855102519,141.328825114933,139.866586584855,B11_G191,140.704236570175,140.37482328675,139.885688710869,B11_G191,137.033638,140.020611,139.1303838,B11_G191,137.033638,140.020611,139.1303838,B11_G191,137.033638,140.020611,139.1303838,B11_G191,137.033638,140.020611,139.1303838,B11_G191,137.033638,140.020611,139.1303838,B11_G191,139.1103502,142.1097402,140.5881713,B11_G191,139.1103502,142.1097402,140.5881713,B11_G191,139.1103502,142.1097402,140.5881713
B11_G127,92.3718365631746,93.238976924456,94.156328202551,B11_G127,93.2908761492604,93.8529900682426,93.9161066530235,B11_G127,91.8264461234991,93.1750333430867,93.2976956974796,B11_G127,92.45606987,94.1647301,94.00043469,B11_G127,92.45606987,94.1647301,94.00043469,B11_G127,92.45606987,94.1647301,94.00043469,B11_G127,92.45606987,94.1647301,94.00043469,B11_G127,92.45606987,94.1647301,94.00043469,B11_G127,92.90631651,94.46027891,93.4140618,B11_G127,92.90631651,94.46027891,93.4140618,B11_G127,92.90631651,94.46027891,93.4140618
B11_G95,68.3975167232529,70.7464361409219,70.020213516157,B11_G95,66.5372970260348,69.1792861291655,68.5305151028799,B11_G95,70.6145222665679,70.4475335529122,70.4293123557847,B11_G95,70.13511494,71.0600341,70.49983702,B11_G95,70.13511494,71.0600341,70.49983702,B11_G95,70.13511494,71.0600341,70.49983702,B11_G95,70.13511494,71.0600341,70.49983702,B11_G95,70.13511494,71.0600341,70.49983702,B11_G95,70.19751563,71.13718642,70.41712074,B11_G95,70.19751563,71.13718642,70.41712074,B11_G95,70.19751563,71.13718642,70.41712074
B11_G63,49.0656539862533,44.0657906693982,44.7261257954859,B11_G63,49.4210643107966,44.3776879632803,45.0891522613589,B11_G63,46.0205189713377,45.0771675036525,45.7339636328103,B11_G63,46.50019809,45.83607482,46.81685119,B11_G63,46.50019809,45.83607482,46.81685119,B11_G63,46.50019809,45.83607482,46.81685119,B11_G63,46.50019809,45.83607482,46.81685119,B11_G63,46.50019809,45.83607482,46.81685119,B11_G63,46.63730488,46.734728,46.29893555,B11_G63,46.63730488,46.734728,46.29893555,B11_G63,46.63730488,46.734728,46.29893555
B11_G47,33.7943108975125,28.330976220365,29.8159298550226,B11_G47,31.5766854534269,35.5608492578525,35.1199962307753,B11_G47,34.8606456974233,37.3316296044294,34.2213048326994,B11_G47,33.33563281,36.6502853,33.63363928,B11_G47,33.33563281,36.6502853,33.63363928,B11_G47,33.33563281,36.6502853,33.63363928,B11_G47,33.33563281,36.6502853,33.63363928,B11_G47,33.33563281,36.6502853,33.63363928,B11_G47,33.81305729,37.00356598,34.44465079,B11_G47,33.81305729,37.00356598,34.44465079,B11_G47,33.81305729,37.00356598,34.44465079
B11_G31,24.1720306786224,22.2525518057968,22.6404818829259,B11_G31,23.4109701876172,25.9984701736977,24.8766329613559,B11_G31,23.2399624901163,21.719517634301,22.894725299466,B11_G31,23.56154457,21.37236878,23.31547397,B11_G31,23.56154457,21.37236878,23.31547397,B11_G31,23.56154457,21.37236878,23.31547397,B11_G31,23.56154457,21.37236878,23.31547397,B11_G31,23.56154457,21.37236878,23.31547397,B11_G31,22.98118448,21.48408621,22.98116819,B11_G31,22.98118448,21.48408621,22.98116819,B11_G31,22.98118448,21.48408621,22.98116819
B11_G25,20.7125787053304,19.7899334710361,20.0967554445923,B11_G25,20.5616468512731,21.5344094253328,21.1603160430178,B11_G25,21.1361276767497,21.2598308105718,21.187361876459,B11_G25,21.23922257,20.08583811,21.22789651,B11_G25,21.23922257,20.08583811,21.22789651,B11_G25,21.23922257,20.08583811,21.22789651,B11_G25,21.23922257,20.08583811,21.22789651,B11_G25,21.23922257,20.08583811,21.22789651,B11_G25,21.25375205,20.04635979,21.08861374,B11_G25,21.25375205,20.04635979,21.08861374,B11_G25,21.25375205,20.04635979,21.08861374
B11_G20,16.7972129279843,14.0542640333993,13.1735303667317,B11_G20,15.0693925302856,15.3232365704907,15.4355279380116,B11_G20,14.4634778994754,11.3787913229716,13.3058433804739,B11_G20,15.16800348,10.97398394,13.25300664,B11_G20,15.16800348,10.97398394,13.25300664,B11_G20,15.16800348,10.97398394,13.25300664,B11_G20,15.16800348,10.97398394,13.25300664,B11_G20,15.16800348,10.97398394,13.25300664,B11_G20,14.01492818,11.79430852,13.33050978,B11_G20,14.01492818,11.79430852,13.33050978,B11_G20,14.01492818,11.79430852,13.33050978
B11_G7,5.71622329444206,4.97201719822551,4.86315159875393,B11_G7,5.32230500955097,4.98606273228789,5.17564595677102,B11_G7,4.96718477235495,6.09759935554438,4.37381857764605,B11_G7,5.012904493,6.006044906,4.415062752,B11_G7,5.012904493,6.006044906,4.415062752,B11_G7,5.012904493,6.006044906,4.415062752,B11_G7,5.012904493,6.006044906,4.415062752,B11_G7,5.012904493,6.006044906,4.415062752,B11_G7,4.689472398,6.004562875,4.410573088,B11_G7,4.689472398,6.004562875,4.410573088,B11_G7,4.689472398,6.004562875,4.410573088
B11_G4,4,4,4,B11_G4,4,4,4,B11_G4,4,4,4,B11_G4,4,4,4,B11_G4,4,4,4,B11_G4,4,4,4,B11_G4,4,4,4,B11_G4,4,4,4,B11_G4,4,4,4,B11_G4,4,4,4,B11_G4,4,4,4
